{
  "classification_report": {
    "0": {
      "precision": 0.9318181818181818,
      "recall": 0.9534883720930233,
      "f1-score": 0.9425287356321839,
      "support": 43.0
    },
    "1": {
      "precision": 0.9714285714285714,
      "recall": 0.9577464788732394,
      "f1-score": 0.9645390070921985,
      "support": 71.0
    },
    "accuracy": 0.956140350877193,
    "macro avg": {
      "precision": 0.9516233766233766,
      "recall": 0.9556174254831313,
      "f1-score": 0.9535338713621913,
      "support": 114.0
    },
    "weighted avg": {
      "precision": 0.9564878104351788,
      "recall": 0.956140350877193,
      "f1-score": 0.9562368871555263,
      "support": 114.0
    }
  },
  "confusion_matrix": [
    [
      41,
      2
    ],
    [
      3,
      68
    ]
  ]
}