{
  "accuracy": 0.9780219793319702,
  "loss": 0.050968464463949203,
  "val_accuracy": 0.9670329689979553,
  "val_loss": 0.10287918150424957
}